1.000000000000000000e+00,5.853466075699542853e+04,8.823403511893458173e+00,5.794753267884896104e+02,6.178092052968394476e+00,2.157293694033751963e+05
1.000000000000000000e+00,3.533400867981221154e+02,3.420078670575209312e+00,9.349098123012393557e+01,1.537627353518968398e+00,7.884353108868560334e-01
1.000000000000000000e+00,4.555087794142990282e-04,5.704280532326416395e-03,8.161228718124594403e-06,3.336735704701267055e-05,4.567732492753339346e-04
1.000000000000000000e+00,2.200930460118471377e+00,8.142948604967964465e-02,5.932235383160304595e-04,3.238325563256407458e-03,5.989832761441770369e-03
1.000000000000000000e+00,1.683919739162480222e-01,1.995054720703141604e-01,4.863612763657492073e-03,1.987535587685181071e-01,3.826572757345101383e-01
1.000000000000000000e+00,1.809447870739606908e+06,1.757833064697692071e+00,4.075431643861697761e-01,1.816694150599293955e-01,1.963169736664422294e+00
1.000000000000000000e+00,1.921902558289897200e+00,2.004011344542580453e+00,3.664039286086950842e-01,2.371190588783512465e-01,2.172540730903473050e-01
1.000000000000000000e+00,4.158346257083715969e+00,8.240656376303222785e+00,3.132234648920525721e+00,3.364775016986827794e+00,1.697250446630565346e+00
1.000000000000000000e+00,4.592751230026331122e+00,2.837731595197450774e-01,7.074000449195867735e-02,1.280405244050859814e-02,6.138096245250839605e-03
1.000000000000000000e+00,3.518884223238290332e+01,5.646594670397481891e-02,1.100589523534326042e-03,1.066702059317501838e+00,3.080409061989389241e-01
1.000000000000000000e+00,1.439345386717006736e+00,9.250332360728078863e-06,9.396125484181132304e-02,5.436792293743838156e-06,1.501952663065540972e-05
1.000000000000000000e+00,1.851168071818871204e-05,3.698252573466168260e-05,4.763502325787304765e-04,1.676652599620985683e-05,1.981721874772819687e-05
1.000000000000000000e+00,5.811255086174514917e-01,5.658118567033029240e-05,7.124441361545597040e-02,9.707571826742585758e-03,4.376057511288072854e-02
1.000000000000000000e+00,2.727482156857042369e-03,5.974164120275166252e-03,3.646045495614606315e-03,2.689842777908064693e-04,9.258721089043907152e-04
1.000000000000000000e+00,9.528078856655788353e-01,1.956641815158409181e-01,5.329811186430723784e-06,2.484837071854380675e-03,2.082892327162735521e-03
1.000000000000000000e+00,1.851841199198102795e-03,2.837643617179769575e-05,4.345041036559719479e-05,4.927224002864052013e-06,8.264441885509245928e-05
1.000000000000000000e+00,2.373735967085741777e+03,3.744156498670302424e-01,1.030234478684132066e-01,5.053459544232209028e-02,5.363549801177119186e-02
1.000000000000000000e+00,8.843581307626323493e-05,2.588844072693831724e-02,1.959149551539735685e-04,1.273310166332996921e-05,6.873239367962953681e-04
1.000000000000000000e+00,2.299176579855637069e-05,1.415136868449421229e-02,3.361017182113229198e-05,7.563454359287547467e-04,1.556086048784219118e-05
1.000000000000000000e+00,6.102780055435823444e-05,3.141178966091296840e-06,4.246643349247518308e-04,1.113597755983781151e-06,2.758995279951708640e-07
1.000000000000000000e+00,1.372549070673934296e-04,8.482337863845987314e-03,1.196169288117741300e-04,9.864609405808184297e-05,4.188164133661750123e-05
1.000000000000000000e+00,4.905599808782021981e-02,2.703912616924604873e-03,3.390354320776650405e-03,5.353294540446598042e-04,3.962474645919882152e-04
1.000000000000000000e+00,6.184314106937530369e+02,7.852458494249688892e-01,1.730516952445816936e-01,1.907740775003119893e+01,4.209603526098750215e-01
1.000000000000000000e+00,5.445473678103763832e-04,3.117285203399547118e-04,9.032143413231835595e-05,3.335246714146563066e-06,6.363229992768807623e-06
1.000000000000000000e+00,3.680308286259231068e+02,1.307714958437219410e-01,6.026945941678835822e-02,7.887699698416162164e+01,7.144464314054463361e-02
1.000000000000000000e+00,9.825896637429241964e-04,1.137457547167721860e-03,1.377994863885239176e-03,2.289533271457235713e-04,1.774031462745190605e-03
1.000000000000000000e+00,2.724739715747593038e+01,7.043048633137619641e-01,2.426519503820195600e-01,1.063021486952063638e-01,6.796751435034102673e-02
1.000000000000000000e+00,5.331091661619257138e+01,1.669602986593125493e+01,4.467434843824791835e-01,1.724191466249387905e-01,2.252473135705733431e-02
1.000000000000000000e+00,2.721820446953469919e+00,6.564717484867604647e+00,1.323026293828876094e-03,8.538914364223414211e+00,7.744095186943214415e+00
1.000000000000000000e+00,5.651363022488074079e-04,2.773371651192948692e-02,8.578179310886568237e-03,8.099722265997674362e-05,3.312224416103989270e-03
1.000000000000000000e+00,5.346048058571428729e-01,1.076383966150338267e-01,5.292053774715143721e-04,2.926620645490862586e-03,1.103183868493419137e-02
1.000000000000000000e+00,1.593661157642494287e-04,7.801005898585112937e-06,1.804878111672447380e-04,1.087451189066474981e-04,1.854777401672305049e-05
1.000000000000000000e+00,1.252295354223933282e+04,4.063630629193130117e-01,3.033491875094230794e-01,4.242761983476800225e+00,3.727064428350421732e-01
1.000000000000000000e+00,2.170345902913622081e-03,2.214721744348536157e-04,2.664966713988812250e-04,5.201082618695011014e-05,8.490259536479337300e-04
1.000000000000000000e+00,6.120151558869849850e+00,1.384324602029921802e+00,2.066957486055169269e-01,2.406479527102247662e-01,1.725809623710143972e-02
1.000000000000000000e+00,2.069642872071147394e+03,9.510479564643271599e-01,5.603688859125771637e-01,7.225548467173327216e-01,2.320936574232630722e-01
1.000000000000000000e+00,1.545715435309031216e+00,2.375642751342283421e-01,5.714064953233211064e-02,1.120016584227728572e+03,4.754873976993959778e-02
1.000000000000000000e+00,2.629349277030671672e+00,2.707527738854744737e+00,1.009266999633122053e+00,4.688646634359859289e-01,9.956381850068765638e-03
1.000000000000000000e+00,8.726011407011404799e+02,3.121335310833760257e+00,2.004668619520429740e+00,5.795006684641501593e-01,1.270337791455540071e+02
1.000000000000000000e+00,2.934945388106725783e+00,8.280263014540808486e-01,2.671408445319899960e-01,2.551508899405065950e-02,4.740349345782934117e-04
1.000000000000000000e+00,8.793455558126370306e+04,1.904254517759493393e+00,6.851537491161212579e+00,1.134437816818262279e+00,4.279417650805519280e-01
1.000000000000000000e+00,3.180955563335728709e+00,1.826716148160721920e+00,3.774520888301104549e+00,5.013140983900410408e-01,4.638117509340717959e+01
1.000000000000000000e+00,1.104626466895635817e+00,6.031310068826345542e-05,3.028711197353230883e-02,3.790700481278289503e-03,5.439468998049055981e-03
1.000000000000000000e+00,4.652386614745240513e+04,6.957768933568629910e-01,3.412680519432197190e+00,1.227658594793596819e-01,1.183483962318829299e+02
1.000000000000000000e+00,1.401147965787892696e+06,4.316147962557594475e+00,8.128433944006513912e+01,1.300190393958898794e+00,4.014382993834492663e+04
1.000000000000000000e+00,3.401121716769293091e-01,2.390794439447648245e-01,6.936237549641888211e-02,2.692398818951119779e-02,9.043866473952005491e-06
1.000000000000000000e+00,3.891464372650067505e-01,5.587006676407405004e-02,2.784022737981982202e-04,1.036233105072905276e-05,3.278760797981081221e-02
1.000000000000000000e+00,1.633702284265013072e+00,7.162386775043512140e-05,4.037884879405681150e-06,9.274285832052379182e-07,2.834718719640082728e-03
1.000000000000000000e+00,9.541843250067123805e-02,1.763669784657144425e-03,7.168198556136716297e-03,1.068365905761528464e-04,3.363857291032418370e-04
1.000000000000000000e+00,7.533288917950794472e-01,9.390457201612192883e-02,2.659529943610464131e-02,7.460680737821445783e-04,1.000487732568461612e-03
1.000000000000000000e+00,1.674585938169271572e-03,9.202691879353337798e-05,1.094820181516686546e-05,9.885397398939447128e-06,5.076926260587308077e-04
1.000000000000000000e+00,1.076958764485659664e-05,1.378288079018867053e-03,1.239111223861705118e-06,1.846763350648861473e-04,1.322413381937066174e-05
1.000000000000000000e+00,7.481672839513671066e-05,1.196622325980914725e-01,3.159304775435448423e-03,3.443964952977986659e-04,4.910886478987968532e-05
1.000000000000000000e+00,2.778918720961602931e-02,1.592185053007396300e-03,1.086437837369888916e-03,3.952918300198193487e-04,3.691828861021821114e-05
1.000000000000000000e+00,2.319816047946867688e-01,8.882674221251822544e-02,2.622563049831546209e+02,8.379754186661249327e-02,2.140291938895065582e-02
1.000000000000000000e+00,2.428374602630617163e-01,1.023254285302964937e-02,8.539376734652255260e-03,7.163463312804482092e-03,6.379502538007906891e-03
1.000000000000000000e+00,4.873015469239453945e-01,4.383822469166757108e-01,7.447045799056095650e-02,5.930548049566373298e-02,1.431378084052387437e-02
1.000000000000000000e+00,7.547642772948238987e-02,6.594611561446801773e-02,2.408249416271358162e-02,1.521777521906662878e-02,4.167683502192743488e-04
1.000000000000000000e+00,4.948235848814722809e-02,5.797409057439488478e-02,8.876703605801731373e-03,2.231785932873933787e-05,2.285555461180842091e-03
1.000000000000000000e+00,9.405294163476508179e-03,2.166945891906121423e-03,4.703597681107592426e-04,3.807945793126154957e-06,1.049478962494225929e-06
1.000000000000000000e+00,7.629470262889901377e-01,3.565900100865110112e+00,4.544544534016364823e-01,1.433292668473107878e-01,3.508454873484970760e-01
1.000000000000000000e+00,9.882389499678981347e-05,1.012814890231635706e-03,6.196309884813162785e-05,7.149501803638472033e-06,1.267286124918253282e-05
1.000000000000000000e+00,3.365569561427684819e-01,1.898364675736266660e+00,3.769998416097892786e-03,1.768896802156569303e-01,5.388617471015206412e-02
1.000000000000000000e+00,2.793257490098903246e-04,2.620256570470495817e-06,1.248420541210146818e-06,1.358965221724188174e-04,9.671399762419555791e-07
1.000000000000000000e+00,1.257171022990290332e+01,4.409008644367682164e-05,4.815684074378627261e-04,1.933110252655396668e-05,2.692476811292457506e-05
1.000000000000000000e+00,8.706317434292145663e-01,5.988587846781419088e+00,1.864548213805205412e+00,4.015724787422618292e+00,1.701329771953226377e-02
1.000000000000000000e+00,6.258626866891606189e-02,2.346682274717726974e-03,4.228998408316361063e-03,1.446450351120948455e-03,7.075197620533891282e-04
1.000000000000000000e+00,4.962425021773456137e+02,3.326818287328987989e+00,1.699143749524169493e+02,2.660724148624152630e+00,3.889692379564712610e+01
1.000000000000000000e+00,1.171736870224041951e+02,1.085810896645141802e-03,9.098965391124069768e-01,5.799707383939519583e-04,2.780461271771947351e-02
1.000000000000000000e+00,1.628911710636662957e-01,1.019760852925222672e+00,6.522349865519029288e-01,2.378890149198666926e+00,8.489947402847754176e+00
1.000000000000000000e+00,1.544049256022439064e-04,3.351283136406827957e-05,1.393089303225565829e-04,3.922944248170148670e-05,1.610051138863906144e-05
1.000000000000000000e+00,1.072862571209251215e+00,4.136344398005242610e-03,1.294950502473077997e-02,2.503039716846628890e-02,2.559508619772653498e-04
1.000000000000000000e+00,2.876954543519776735e+02,9.537157023557112367e+00,5.771507356919038330e+02,5.032639431888369153e+00,2.203503998636815453e+01
1.000000000000000000e+00,9.166603281643853629e-01,4.791387765231337054e-02,3.867250230695832847e-01,1.464099506657558745e-02,1.108780500303363330e-02
1.000000000000000000e+00,1.987235250633924734e+05,1.587044006036813171e+00,3.501688845819495466e+00,4.654364116291621056e-01,1.391155167052986741e+01
1.000000000000000000e+00,2.324198226666509548e+00,3.349323000916230342e+01,2.039443960013108903e+00,7.425775354243042692e-01,1.095581698045429597e+00
1.000000000000000000e+00,4.385201535292208158e-02,1.506909190535385412e-01,6.766086692044735902e-03,2.065272015655569122e-04,1.706315105760204410e-05
1.000000000000000000e+00,6.488107048245414035e+02,5.771272120411983231e-01,1.754840029927927370e-01,9.957305869466539505e+00,2.862952588708527060e+02
1.000000000000000000e+00,4.274543709607499409e+02,2.528997383628452056e+00,6.226884889536157885e+01,1.805280265814467766e+00,1.365097304504836502e+05
1.000000000000000000e+00,1.537971260576108445e+00,6.216597789692521886e-02,2.224925190576724360e-02,6.654420464503733521e-03,1.164368022740410423e-02
1.000000000000000000e+00,7.634323672330008037e+01,8.333527619229187167e+01,2.021131402930270937e+00,1.261002592504992172e-04,4.176025774048305634e-05
1.000000000000000000e+00,8.989983993447690433e-03,6.940244912126506413e-05,5.767156269534028188e-04,1.388230833892586556e-04,2.223793506141283471e-05
1.000000000000000000e+00,1.941122551433166043e-03,3.809501044021184994e-03,1.495459779080514275e-03,1.091765798179361866e-05,2.194170847254680592e-04
1.000000000000000000e+00,2.067914218023409578e+00,1.192180169248022459e+01,2.853155168915305628e-01,2.264833828964047877e-02,5.463284031339554758e-03
1.000000000000000000e+00,3.384276857801742922e-01,7.166606333363302328e-01,6.337705759041644943e-06,9.262319429672407657e-04,5.720071031275641602e-06
1.000000000000000000e+00,2.591671242626628100e+03,8.964046692483785606e+00,9.266616392281688874e+00,1.031158246993732597e+00,4.067306505688303098e+00
1.000000000000000000e+00,6.952849217250183678e+00,1.703960833549815534e+00,3.690137865090040048e+00,3.300694790264534273e+00,1.741793312535665772e-01
1.000000000000000000e+00,2.695732876391773551e-03,7.116202754076399184e-02,9.572875210826437475e-04,5.245730260742630276e-03,5.395169395756540176e-04
1.000000000000000000e+00,1.355149321844728322e-04,9.109354449514125637e-03,7.733916774230393306e-05,4.292869167855199696e-06,2.167732486682550746e-05
1.000000000000000000e+00,2.676759670606622121e-01,3.653401763370450528e+00,4.068935841311331347e-01,1.113127042029152663e-01,5.390600937975837358e-03
1.000000000000000000e+00,8.924612482644905809e-01,9.610669893699881746e-05,1.624461218707349275e-01,1.965632612852658521e-05,5.176627063219600700e-02
1.000000000000000000e+00,2.001910490068008031e+01,7.594082732647339240e-01,7.093516355418035824e-01,7.897431300773030682e-02,7.253936539355778680e-03
1.000000000000000000e+00,6.463663516065050463e-02,3.357695473100263950e-02,2.195387846433251647e-02,2.758711058859951264e-03,1.805830603790054814e-04
1.000000000000000000e+00,6.912995181814100931e+01,1.622157368998055960e+00,1.014321239213374914e+00,9.475712427428124585e+00,5.789506919977426058e+00
1.000000000000000000e+00,3.337457624057054892e+07,3.207412844234363547e+01,2.288700395283024591e+03,1.117312821259072280e+02,9.274509808593694515e+01
1.000000000000000000e+00,2.210035701094232967e-03,5.894354881687415655e-04,5.843574875365902845e-06,7.522167579582039005e-05,6.651894721369443989e-04
1.000000000000000000e+00,4.464381889316027419e+00,5.732357990729398445e+00,2.476905698587240412e+00,3.537222336299412073e-01,3.571203597693948240e-01
1.000000000000000000e+00,5.166073664751427152e-01,2.219008077191901851e-01,3.847723165323441163e-01,1.327551354820419194e+00,4.329140563112651025e-02
1.000000000000000000e+00,8.438731425561872351e-05,4.780097505726046622e-03,9.275602657411707028e-05,1.372702110303194249e-05,3.132151517123256895e-06
1.000000000000000000e+00,1.884049789970687172e+01,1.745249919470394317e+01,7.321588490441945041e+00,1.217414096490896158e+00,3.835038288796430272e+00
1.000000000000000000e+00,6.654130879197165012e-03,3.200869835236905747e-04,5.976524152394799023e-04,2.902975276625183502e-04,5.101449066365409045e-06
1.000000000000000000e+00,6.759169518084634509e-01,1.047145031398921539e-01,7.748597618345885729e-02,5.959613816079450434e-03,2.445688079162132694e-03
1.000000000000000000e+00,3.527413656241144835e-02,8.340744438651086570e-03,3.234011251372406054e-02,1.324243982159325128e-03,1.455025642644524600e-03
1.000000000000000000e+00,1.964286713937877948e+02,7.384191879495545230e-01,2.389417963423421110e-01,2.719502319110327360e-01,1.514447880840318561e+00
1.000000000000000000e+00,4.704527878904808322e-04,1.940787409636769381e-06,1.779769136289322259e-06,7.535984029129331237e-04,2.135045848768788969e-05
1.000000000000000000e+00,1.508443854067680447e-03,2.404834194112822135e-02,1.756464786728101617e-03,2.417085806842058629e-04,3.544585013069030937e-04
1.000000000000000000e+00,5.465374669078257308e-02,4.240601828011320625e-04,7.994785390950843659e-03,8.495564714315713070e-04,2.153201319255027945e-04
1.000000000000000000e+00,3.956435351620664278e+02,1.094595632868106960e-01,3.467846501754250077e-02,4.747104980815464614e+01,1.498279209319924518e-02
1.000000000000000000e+00,1.723035031597229150e+01,7.436156145367789350e-01,3.331197250529593479e+00,1.740555284177888851e+01,2.961042639508869367e+00
1.000000000000000000e+00,2.272534454950524378e+03,2.796769892057645812e+00,2.282345834297695149e+02,1.683279521774102783e+00,6.273637989951145855e+00
1.000000000000000000e+00,6.718030717120499319e-05,1.017797874441432864e-03,1.742680082007410158e-05,7.601008993499450920e-06,3.854118190520840090e-05
1.000000000000000000e+00,6.373196554942376935e+01,5.871537762005376582e-01,9.793729939277117102e-01,2.264272964931109744e+00,1.735694885929394360e+00
1.000000000000000000e+00,1.711813253622093017e-04,7.380817952086696776e-01,1.248107047775201095e-04,8.646544353171475286e-05,1.476896713360718871e-02
1.000000000000000000e+00,5.878040692896673372e-03,2.187480329988647412e-03,4.183488804039235383e-05,2.840788577632595634e-04,3.521978615689001562e-04
1.000000000000000000e+00,7.509304200465327206e+00,9.985348531647926518e-02,7.622239520430264259e-02,1.261395526211437322e-02,8.915403645444116036e-04
1.000000000000000000e+00,6.425744958263497342e-01,2.363768662504097673e-01,2.652601464468036241e+00,2.811161024961530419e+00,1.185272375747282281e+00
1.000000000000000000e+00,6.526199595493368255e-01,2.721081688546452160e+00,2.458933575974097785e+00,6.174609970729288966e-01,5.040573350666697205e-01
1.000000000000000000e+00,1.576904559963503427e-01,3.302251802970052053e-02,5.487015591569734063e+00,1.533629991490572664e+00,2.009055707265222424e+00
1.000000000000000000e+00,3.036216242178833014e-01,8.437645152533399084e+00,1.485936323496324096e+00,2.649724322769659857e+00,3.788795016958969308e-02
1.000000000000000000e+00,2.140047054546929228e+00,7.735717053410508248e-02,2.286134992903597965e-02,5.086476930163785770e-02,3.731551545860594191e-03
1.000000000000000000e+00,9.569303505619747297e-02,3.619227359254057613e-02,1.143075108050276012e-01,5.729393052786264234e-03,3.421335632003585274e-04
1.000000000000000000e+00,2.441732827251466631e+01,3.624800435591261749e+00,3.694437923085622089e+01,4.763262795216437695e+00,4.771082372619517842e-01
1.000000000000000000e+00,2.371922952781919274e-04,1.158869384735955986e-02,3.769062734986671132e-04,7.418680054424001479e-06,1.888757896645327819e-05
1.000000000000000000e+00,1.141500055361669260e-04,1.149744434157031576e-03,6.912014540109863697e-04,3.525190829834506001e-04,6.526278684311205515e-04
1.000000000000000000e+00,3.213954580849866761e+04,2.833148180019100515e-01,5.163269714316350845e-01,1.459768050481252688e-01,2.543012315435205437e-02
1.000000000000000000e+00,2.193535942689553409e+01,3.320045628122385573e-01,1.136284132446926248e-02,1.096407300692671470e+03,1.513278281289011547e-02
1.000000000000000000e+00,1.901912834886537063e+00,2.458589950651018263e+00,4.398474683920291506e-01,4.618797519204340986e-03,6.279785700862248847e-03
1.000000000000000000e+00,3.793289181292879286e-01,2.249903951508263385e-03,1.641454052226754556e-01,1.441888521382706867e-03,1.500179007077819969e-04
1.000000000000000000e+00,2.248098150647315774e-01,7.961412419012192090e-04,2.722717001536181027e-05,6.784646311412942388e-03,7.404042358366395155e-03
1.000000000000000000e+00,3.235011328235826633e-04,3.471938819813155663e-01,4.444970566404845896e-04,1.717365867723912249e-03,1.886479866859066016e-04
1.000000000000000000e+00,2.108945617402674041e-02,3.962764207724227272e-03,4.683258566137903957e-03,1.262175503774511185e-03,8.637307038400199571e-04
1.000000000000000000e+00,3.531320166704254361e-04,2.386678119218336742e-03,4.347215247311019405e-05,3.202531235996389159e-06,3.267773100421346579e-05
1.000000000000000000e+00,1.142609541905326246e-06,1.091385640792920421e-05,1.465829328358778009e-05,2.919884230670885203e-05,2.432689154351806515e-06
1.000000000000000000e+00,1.918140750207926737e-01,6.500705048330992497e-01,1.096590183666383167e+00,6.623491436205750094e-02,8.105858179557596729e-03
1.000000000000000000e+00,2.260770397842992111e-04,5.636967392738086922e-05,2.563378696387244582e-04,6.559067028407761292e-07,4.871618781171759986e-06
1.000000000000000000e+00,5.202568692222069485e-05,1.302501311456583100e-02,1.233882917001212975e-04,2.053897379083848066e-06,1.635415436370559351e-03
1.000000000000000000e+00,2.492558636429806285e+01,1.183259968797463273e+02,1.806282203415225140e+01,6.498100201526516573e-01,5.538766138433462993e-01
1.000000000000000000e+00,1.616540057413810771e+01,9.959933834706096434e+01,1.810086445071382499e+01,1.871375593009747899e+04,1.917333415695238630e+00
1.000000000000000000e+00,2.428923359189446565e-04,8.816696377214974269e-05,1.381577425465803745e-04,1.798969045304203728e-05,9.813085207830964064e-05
1.000000000000000000e+00,4.978957968796077438e+00,1.931470392422621326e-03,5.781132383364123023e-02,1.603986429219311435e-02,1.291877927188515721e-03
1.000000000000000000e+00,1.129964093615990080e-04,1.674288343981366056e-01,3.544835684510749628e-05,1.265006581104968829e-04,5.266259601216443867e-05
1.000000000000000000e+00,1.992180415953717643e-01,6.749512818937683511e-02,1.225011838880113030e-01,3.009151771402397701e-02,2.757812393905752918e-02
1.000000000000000000e+00,4.371402492399511369e-02,1.514601897274285743e-02,2.430496481859921194e-03,2.583296044613241169e-03,4.888210252463379091e-06
1.000000000000000000e+00,1.793676754978987375e+01,6.562898181241437756e-01,2.755563680408606997e-01,1.011351264078511614e-01,3.031928427447204699e-01
1.000000000000000000e+00,6.215832202234079205e+02,1.777060656340922751e-01,4.744894595167083173e-02,1.638773123967924628e+00,1.713147889448807248e-02
1.000000000000000000e+00,2.817369276672851530e+00,6.573972168599053756e-01,8.657772260783831719e-02,9.143724615301010994e-01,1.265519884277414853e-01
1.000000000000000000e+00,1.360898329469520107e-01,2.236426197528365231e-02,5.833384872460932761e-04,3.114189371280398633e-03,5.821758729937943216e-04
1.000000000000000000e+00,3.490276793760786589e+00,2.941959286926364214e+01,1.646586028234590677e-03,1.711533174121225542e+01,7.292331122970028723e+00
1.000000000000000000e+00,6.316673269134246205e+00,1.633510545816448456e+01,5.278845393960929916e-02,1.752816246315514470e-01,5.773590275952922291e-01
1.000000000000000000e+00,3.045033781369842901e-03,4.826091004843620423e-04,9.641418380947238938e-04,2.545254236669630977e-05,2.025262010627452752e-04
1.000000000000000000e+00,3.454497527389361267e+02,7.660322861894320878e-01,1.318992675868565778e-01,9.524122066253136454e-02,1.251514568484313639e+00
1.000000000000000000e+00,1.089050312284629385e+01,1.899970156172853475e+00,1.419533618285339083e-01,9.207340830390983721e-02,4.458855809885094862e-02
1.000000000000000000e+00,1.484945706968704426e+00,1.318523625578535530e+00,5.331976023834523737e-01,6.605540895047294636e-02,3.335723102235620824e-02
1.000000000000000000e+00,1.955282323092776764e+01,5.812150460299079537e-03,2.226331990415764128e+00,7.437598416102939036e-02,4.115966148861486817e-01
1.000000000000000000e+00,2.920568589605866856e-03,7.462114445645764375e-04,1.009509866277135705e-05,2.904559886137379212e-04,6.706609502660249727e-06
1.000000000000000000e+00,5.477241417029528048e-01,6.315640225777264583e+00,4.296444279398389798e-03,6.663830030942981264e-02,7.215400957476139628e-06
1.000000000000000000e+00,6.358838458483969589e+02,1.311788972478115656e-01,3.354542540641737569e-02,1.061964973421893355e+01,3.476655052231099330e-02
1.000000000000000000e+00,1.680221853666613363e+00,2.882378928873624536e+05,2.835098275264936962e+00,1.022961071952359816e+03,7.928901609363605019e+01
1.000000000000000000e+00,7.993367955324512941e-01,1.687500811093969599e-01,2.481181175551456508e-01,1.893779273243863145e+03,1.581456865144507447e+02
1.000000000000000000e+00,3.101828788618692663e+06,4.350478873256430568e+00,2.414152577672106214e+06,6.177253747362710712e+00,1.177975783044377955e+01
1.000000000000000000e+00,4.633319988126762684e-02,1.241296198582612365e-01,8.367612090766224364e-02,1.090338655460265649e-02,1.603605887960895746e-02
1.000000000000000000e+00,1.150726898599156778e+00,3.752378614131400558e-02,1.541200924772864467e-01,7.705109688008297819e-02,5.542363479334525000e-03
1.000000000000000000e+00,9.327743308849105961e+04,1.640141149302195567e+00,1.220103228835744602e+01,5.696441303714973259e+00,1.899570527891171645e+00
1.000000000000000000e+00,1.801450591657874725e+02,7.435362225597292873e-01,3.858486001279365918e-01,3.235511305124229020e-01,2.748293900283865221e-01
1.000000000000000000e+00,8.318650127873127076e+02,7.185484929771740470e-01,3.892130442730669770e+00,1.660372878121842144e-01,9.291019533453458157e-02
1.000000000000000000e+00,7.347251451334361194e-01,6.162970652697119966e+00,1.103044291463642024e+00,8.412294159868741872e+02,5.681998808990672556e-01
1.000000000000000000e+00,5.022649071007465548e-05,6.448048875775540039e-04,6.157270029341234256e-05,2.937917412407526101e-06,3.650634493046520227e-06
1.000000000000000000e+00,1.953119769665227068e+01,2.208121418758304734e-04,8.821983303271801522e-06,8.225807657166434028e-01,7.980730131796570301e-03
1.000000000000000000e+00,6.537304498242534464e+04,1.008752028196052697e+00,3.183634035746906843e+00,1.274706768493386044e-01,2.639989274369775529e+01
1.000000000000000000e+00,3.519956715281818178e+05,1.201233278261884863e+01,1.567711681002238998e+06,7.092472324184447174e+00,5.282509659129875945e+04
1.000000000000000000e+00,4.441790853668699625e-06,1.200511070298985669e-02,1.088613978591917590e-04,3.401289458724576493e-05,1.508906663380760660e-04
1.000000000000000000e+00,1.369631672425264835e-03,6.396446930930391010e-04,3.802837263998345221e-07,2.170993805601714337e-06,1.746643104105773082e-04
1.000000000000000000e+00,1.532957871156574172e-04,1.764370560841102900e-02,4.136260295973572394e-05,1.251688613070966810e-04,1.118673830235472575e-05
1.000000000000000000e+00,1.761926039855753190e-01,5.659178418893266727e-02,2.253927893171676130e-03,1.023425838348626313e-02,1.798563702395801663e-03
1.000000000000000000e+00,4.227578621533173986e-01,2.436478891083449394e+00,1.159252334193728551e+01,2.122339566418818269e+00,4.625729788216867422e-01
1.000000000000000000e+00,2.971622567350071265e+01,4.272998203686678015e-02,1.175922257773015164e-02,3.691782766951110656e-02,5.762329283548225760e-03
1.000000000000000000e+00,2.660573026202602215e-04,1.191150020765867600e-04,1.262957778218105609e-05,3.329204206996277401e-05,4.219314305431906949e-05
1.000000000000000000e+00,1.166643056889342389e-03,6.877502962026818198e-03,7.105907538111773088e-04,3.704862111540611853e-05,1.234146817044786955e-04
1.000000000000000000e+00,1.101482817900841837e+01,7.382755953238306912e-01,3.293465561810243053e-02,1.352044566604334273e-02,8.038704027193366297e-03
1.000000000000000000e+00,3.009645104854841852e-02,8.698971812981390328e-03,6.983106145686873364e-03,1.469843684192584723e-03,5.530639175265255822e-04
1.000000000000000000e+00,6.488973326811117381e+00,5.754674035877176408e+00,2.147572388518595721e-01,6.602116559652465577e-01,3.505221143372008741e-01
1.000000000000000000e+00,3.315995901363735356e+02,2.505932494018501711e+00,4.047874141914407176e+01,1.189976546193990403e+00,6.020134855725557399e-01
1.000000000000000000e+00,3.458290304665775361e-01,3.459742876459937638e-02,6.381703396763593883e-02,1.427717966233088380e-02,2.623385013398472215e-03
1.000000000000000000e+00,1.409133197955261851e-04,5.115365730748829831e-01,1.570939391967676073e-04,7.512390585694765340e-04,8.818752245584864525e-05
1.000000000000000000e+00,1.718745427058327779e+00,7.859618782809135729e-01,1.335986410723038376e-05,3.037972563572650664e-01,1.306249512520093851e-02
1.000000000000000000e+00,1.403353917285987336e+03,1.082338864756857921e+00,1.269360698917971986e+00,1.371017978873448617e-01,3.394053271635436175e+01
1.000000000000000000e+00,2.380521399340747912e+00,7.552198763949052873e-01,1.990956504769919588e-01,1.052324493914645664e+00,7.252493933247754210e-02
1.000000000000000000e+00,1.059954259093509377e+00,3.083170534370087146e-01,8.959988036636741537e-02,6.919794748138788920e-01,2.253372147820793536e+00
1.000000000000000000e+00,5.149707246217793966e+00,1.180019067605920347e+00,4.302299940252596322e-01,2.237125845772435298e-02,5.646822097533609613e-02
1.000000000000000000e+00,1.222637195709547875e+00,3.189182277194065662e+00,1.440357318129558417e-01,3.060598857320868602e-02,6.360927491525484104e-03
1.000000000000000000e+00,1.603148877406703377e+03,9.102906342302194531e+00,1.374764692910785335e+01,9.002243137296865427e+00,2.187102936137986475e+01
1.000000000000000000e+00,6.328150779200253373e-02,8.105954510587980166e-03,9.098531041212535751e-04,2.684207776971177044e-04,1.213890030904178949e-04
1.000000000000000000e+00,4.783297133826370784e-01,2.678322520317442945e-02,2.140569823917334857e-02,2.281207301551466625e-05,1.099340346767402202e-03
1.000000000000000000e+00,4.115700350829567924e+02,1.605988991597285254e-01,5.089102561117698348e-02,1.369515445870380077e+01,4.993704917528881682e-01
1.000000000000000000e+00,2.008218456757954439e-05,1.594604256897280367e-04,2.119567150320305821e-05,1.394049232646660090e-06,4.258002700322945485e-05
1.000000000000000000e+00,1.858297447509288658e-01,9.511590785428759853e-02,1.637815034239559903e-02,1.496680588487242242e-03,3.588623150140244494e-02
1.000000000000000000e+00,9.823368387370642330e-01,1.334496355122808953e-01,5.264605901480158556e-02,1.488070392381209139e-02,1.917712190205195363e-03
1.000000000000000000e+00,8.625602641516382993e-03,1.342021341732755127e-02,7.016230243009881351e-03,6.843255851100352432e-04,4.012703900109882522e-04
1.000000000000000000e+00,3.782205559519002600e-04,9.708680528423965783e-02,4.076378434314930233e-04,7.173028357776289464e-05,2.417138862293284157e-05
1.000000000000000000e+00,4.166694276348049454e-04,5.682203590607742653e-03,2.348828978523596111e-05,1.278153529377390135e-05,2.507907431905016284e-05
1.000000000000000000e+00,8.610586285941735696e+00,4.107565237166367900e-01,2.267022977938532025e-01,7.014561318256857703e+03,1.340826994228331071e+00
1.000000000000000000e+00,1.061014166929788560e+00,3.718336388879290411e+01,2.249381685901713723e+01,2.880073756672300700e+00,7.611811587044416072e+00
1.000000000000000000e+00,3.596692308015448925e-01,1.130428969459224042e+01,1.567870228686754630e-01,1.226858087457453950e+00,7.753084357833871839e-05
1.000000000000000000e+00,2.949621263000155480e+00,9.906590163499668922e-01,2.720454945704409511e+01,3.398781473777647477e+01,1.085848405808740935e+01
1.000000000000000000e+00,9.195506757525241659e-02,2.693652364278950051e-01,6.774034113547836355e+00,2.048000840947912593e+01,2.926329862790402053e-02
1.000000000000000000e+00,2.024999728225492790e-01,2.227315596536019390e-02,3.844143362716385126e-01,2.373794504312606080e+00,1.879457742943569487e+00
1.000000000000000000e+00,9.072743725560709072e-01,1.824876384972219934e-01,7.070135604805988239e-02,3.162073036376581055e-03,5.007271393912324231e-02
1.000000000000000000e+00,2.078597058534768838e+00,4.876467790050188711e+00,3.841323893305697368e+01,1.944095570546330087e+00,1.763870844796158011e+01
1.000000000000000000e+00,1.531041701148260472e+03,1.870046358299628786e-01,7.099410283902356233e-02,5.163772443604117512e+01,2.554960043012184309e-02
1.000000000000000000e+00,1.044734563441677588e+00,1.622412733435061871e-01,2.032510460843092032e-02,7.035891879721466527e-03,8.876621142868522038e-03
1.000000000000000000e+00,4.454114170674405671e+01,5.820159088455645247e+01,3.861631250412426652e+01,2.044781197560658660e-03,1.201941839273330714e+02
1.000000000000000000e+00,1.251285859658961330e+00,3.155323648284770466e-02,2.968027391727253231e-02,4.084775348383445914e-04,3.193592084460780147e-04
1.000000000000000000e+00,5.152689913122686372e-02,2.918602825006666804e-02,2.598012492206008273e-01,4.670421406817646531e-03,6.011287082778610062e-03
1.000000000000000000e+00,5.668322573787094740e-05,3.137841272359789390e-03,5.675341012825228428e-06,5.425681484389441774e-06,1.404970920220708648e-05
1.000000000000000000e+00,2.189548238998698437e+00,2.753263270323856649e+00,3.750061144022555082e-01,3.660900354940303109e-02,9.640328793359971282e-01
1.000000000000000000e+00,6.276982577611901434e+03,3.970614880924978252e+01,4.484809598749400550e+01,2.314173620840654522e+01,2.204504446625545100e+01
1.000000000000000000e+00,3.436117768578375586e-02,8.119940642957310661e-01,9.710462626406797526e-03,6.545611864186196352e-03,2.579017632997927523e-01
1.000000000000000000e+00,3.159108511874491398e+01,2.952790972426999061e-01,8.914284162269875411e-02,1.861102270063226538e-01,2.818170334517855827e-02
1.000000000000000000e+00,2.719428251460417201e+01,2.805884911036498508e+01,1.194405016407158016e+00,6.111359078271179079e-01,4.575870326647305752e+00
1.000000000000000000e+00,1.472941739965432930e+02,6.553828967158386032e-01,2.375864903002119222e-01,4.954046854378535980e-01,4.364816796803157595e-01
1.000000000000000000e+00,2.861668955816800235e+02,1.652311154921006997e+00,6.658486439037058169e+00,6.206663822447522350e-01,4.063671814127273740e-01
1.000000000000000000e+00,8.495626638675226161e+00,2.382116368390010674e-01,2.970582080555476956e-02,9.818481139242141197e-05,8.567704589251112830e-06
1.000000000000000000e+00,1.822161578151842033e-03,2.072325141731816769e-02,1.092893908413124834e-03,3.679978705000911798e-04,1.703280514431383569e-05
1.000000000000000000e+00,3.134879784231748179e+00,4.252146998920640630e-01,3.181248299098202725e-01,1.477754193688252116e-01,2.377337870420459867e-02
1.000000000000000000e+00,3.586544844180904468e-01,6.388279104121266649e-02,7.405821514113499759e-01,2.021511824876478722e-02,6.196041760419005763e-03
1.000000000000000000e+00,1.170828711014090654e-04,6.235607968969850319e-03,1.654194845829553152e-04,2.028810422052232279e-04,1.497697975698834575e-05
1.000000000000000000e+00,1.437459081107924135e+02,3.593829393216820790e+03,3.763413958903061030e+02,2.558816099130071052e+03,1.305453581800603843e+03
1.000000000000000000e+00,1.399996716558009391e-05,7.577562610468654980e-02,1.553293395962018568e-05,6.187196690976696275e-04,7.177115880515928058e-06
1.000000000000000000e+00,2.095244365527453922e+01,4.034678564576465121e+00,7.740355860191382220e+00,1.012083125288835150e+00,4.956987781925849545e-01
1.000000000000000000e+00,2.634166975996790256e+02,3.259401615122434759e-01,3.923916747381527709e-02,6.739053915404007167e-02,4.761515178095558021e+00
1.000000000000000000e+00,1.160789053534602155e-01,4.850361988204966224e+00,1.928978610136798388e-01,6.030795473220088021e-02,1.911018935167282662e-01
1.000000000000000000e+00,1.338779355110100378e+00,1.515531318902109570e+00,3.119830749559990876e-04,2.170442242985186530e-05,1.936093294967396419e-05
1.000000000000000000e+00,2.541269389203942808e+01,2.096732461699082251e+02,4.054839317204687887e+01,2.739905828933124354e+01,4.397951318193613446e+01
1.000000000000000000e+00,3.796878209351270406e-02,2.310467282762014834e-03,4.562512123929445169e-03,1.747815475892780914e-03,1.571610263118023278e-04
1.000000000000000000e+00,5.115941489765323702e+00,4.913583811367556820e+01,6.073130563416507144e+00,4.798389446643386513e+00,2.084327257845715667e-03
1.000000000000000000e+00,3.321608444395191418e-04,1.979693210346595306e-05,6.675713975699412110e-04,1.292246194682471127e-05,1.403292548124643485e-06
1.000000000000000000e+00,1.616602517939297046e-01,8.350316218078421282e-02,9.399521535909043102e-02,3.079100868891790008e-02,3.969217448389796682e-04
1.000000000000000000e+00,7.753893187525270037e+01,5.592725611640440159e-02,1.510026711290462544e-02,2.128406695896284173e+00,6.335473125426975549e-03
1.000000000000000000e+00,2.905775631438651807e-01,5.597144765336368454e-06,4.956167625214681904e-01,1.449269760350009074e-03,3.845579397832470537e-03
1.000000000000000000e+00,4.259753148395136746e-01,6.235339793879296488e-01,2.088847371391139018e-01,2.008327623928589725e-02,1.691058973622658682e-02
1.000000000000000000e+00,1.627401865893549029e+03,7.962640421804175750e-01,2.064501380888339177e-01,1.361162364959725424e-01,2.799844175135446562e+02
1.000000000000000000e+00,1.030324262156243975e+01,1.586771891958427716e+00,1.064303253816295092e+00,1.147652398260571971e+00,9.084474110938713445e-03
1.000000000000000000e+00,1.203193383294379526e+00,2.645205387570058811e-03,1.832637758317857751e-03,6.239324514378749749e-03,2.694069769098437862e-05
1.000000000000000000e+00,3.729042097753416662e-01,5.138575309501063060e-02,1.074454079737785644e-01,2.253264204968224516e-04,8.044301230801328582e-04
1.000000000000000000e+00,1.018903013531136212e-04,1.688048069417396029e-04,3.481319640550616101e-03,1.636160141579412930e-06,2.659364034326589055e-05
1.000000000000000000e+00,1.789240802647564132e+00,1.502767709766107851e+00,7.375239445182851794e-01,1.589267729036375254e+00,2.972454590045306322e+00
1.000000000000000000e+00,4.529453887495120235e+00,2.041425792407529638e-01,1.411488267665785695e-02,2.026791479873860449e-02,3.833255249296291765e-03
1.000000000000000000e+00,1.769289809264829501e+03,6.578247444584900405e-02,4.049534890393258896e-02,5.085407659483714582e+01,6.587917185023303701e-02
1.000000000000000000e+00,5.961363142093731859e-01,1.291874728779605387e-02,5.108989422548114966e-03,1.217004332262642576e-03,1.967674372903049571e-03
1.000000000000000000e+00,2.436653120926906446e+00,3.272666446522818906e-01,7.838512797132525245e-01,6.160577210008478799e-01,6.684741214330049974e-01
1.000000000000000000e+00,2.504999080682764223e+00,1.493913426588344417e-01,5.657627126681363111e-02,3.793852032389069677e+02,9.263690877126029566e-02
1.000000000000000000e+00,1.037124534142574328e+00,4.661722807372428549e-03,1.476720591776991501e-03,1.081033662205537620e-05,7.666499755571963733e-03
1.000000000000000000e+00,9.800121306886627748e-01,4.761827497684848615e-02,1.249688929912378954e-01,2.931216181307780798e-03,1.701439756703012219e-03
1.000000000000000000e+00,2.456868962783971544e-01,4.056031780224755856e+00,9.025014118528058849e-02,4.105026977861497173e+00,3.026306180277466562e-01
1.000000000000000000e+00,2.706924908146563613e+00,9.631418630985054408e-02,1.711623230737472079e-01,1.210138728555490507e-05,2.164726780586496996e-06
1.000000000000000000e+00,7.212812131453726350e-01,5.813096291237832558e-01,1.497637927092601018e-01,1.839094964540483935e-05,3.276703661292797859e-02
1.000000000000000000e+00,7.195314266503152645e+00,6.871130886372400326e+00,1.263792372585680612e-01,1.859498906568299303e-01,2.487887019710197656e-01
1.000000000000000000e+00,3.799754533911530244e-04,1.370200913560478073e-05,2.933291296347151226e-04,1.684919094283544039e-06,2.264411179054882928e-04
1.000000000000000000e+00,6.564078219591981255e-05,3.053510821205066678e-04,1.106524178192102572e-05,3.446769179043721173e-06,1.082386170798295457e-05
1.000000000000000000e+00,2.689276052440689568e+00,3.106576070410460577e-01,3.204760732744511842e-02,1.727694876893041617e-02,1.683971183489696780e-02
1.000000000000000000e+00,4.128400735623536212e-04,9.469314657381363277e-06,1.498667200051786953e-03,9.016327098816421401e-06,8.347314009525987129e-06
1.000000000000000000e+00,5.977805467036993115e+00,1.935598760210751890e-01,4.263490219254332386e-02,2.702446261371620542e-02,1.369072621784200416e+00
1.000000000000000000e+00,5.802420052367861757e-04,8.152802491010906205e-02,3.095209121423170181e-05,9.082464635198602212e-05,1.066033872114864622e-04
1.000000000000000000e+00,2.046527848748060308e+01,1.906065026239075255e+00,2.302669626482053644e+01,1.265407383048609624e+01,3.996301977508139203e+00
1.000000000000000000e+00,3.780003128414125783e-04,1.430475896279684810e-04,7.227291203935573926e-06,1.823070050517904692e-05,9.656549249087820576e-05
1.000000000000000000e+00,9.690784170699090483e-01,2.476032979780059318e+00,2.215517513654251258e-01,6.754847575849332215e-03,4.221982557439489525e-03
1.000000000000000000e+00,2.377264918328020316e-04,1.275222133664891529e-05,6.525987681100027960e-04,5.674789218017992429e-05,1.686509348129894747e-04
1.000000000000000000e+00,4.491290789332895272e+00,7.987765802585922170e-02,2.332390304851570187e-02,9.001454049772031896e-01,4.608902096708321350e-02
1.000000000000000000e+00,1.087707670897250409e+02,7.569942212335192266e-01,2.423326618613799999e-01,1.956306795725168968e-01,3.181386466594929296e-01
1.000000000000000000e+00,1.584651463238607283e+00,5.157317271860113124e+02,1.494705822430391962e+00,2.581359603939974477e+03,2.611507776801805107e+02
1.000000000000000000e+00,8.394884951101135862e-01,2.455790466232965485e-01,2.636002921746713468e-01,5.686719821650751405e-02,1.373830612941527196e+00
1.000000000000000000e+00,1.159773755327377478e-03,1.014109791368959584e-04,3.077471433436868888e-03,6.492975104155314153e-05,3.660426054147387962e-06
1.000000000000000000e+00,3.389003600070373601e+00,2.155324812708175608e-01,6.812336414339327517e-02,3.007291472809449622e-03,1.283623814528324185e-02
1.000000000000000000e+00,1.269303475525790592e+00,1.127780994489026467e+00,9.586574804696181007e-02,1.019312974499037155e-01,4.777308820872725598e-02
1.000000000000000000e+00,1.087829926845346531e-02,9.192469483833763666e-02,1.035068199219674710e-02,3.207239046117332792e-03,4.944684727418218947e-04
1.000000000000000000e+00,1.495435002191724427e+00,5.118194952532497233e+00,2.229848193429372571e+00,4.462693929766153866e-01,1.814833170238491500e-01
1.000000000000000000e+00,1.979556267779147447e+02,5.589721904947453357e-01,1.821855658390776067e-01,7.715338118190956385e-02,2.743397025209864726e+00
1.000000000000000000e+00,1.022389746520857567e-03,3.983748678897715560e-04,4.929129380733458760e-05,8.929042104364575891e-03,9.522201824912225870e-04
1.000000000000000000e+00,1.544096718066464979e-01,8.637958105670959230e-03,1.490394276279507439e-03,1.041747134950445986e-03,9.841612242553567959e-04
1.000000000000000000e+00,3.933774440191145920e-04,9.390843462909609634e-05,4.965281934838509031e-05,1.145649007109298347e-05,2.604375622938690256e-05
