7.837515446122667313e+09,4.587663078165020000e+14,6.915356131183796692e+10,4.541646824351767578e+12,4.842089189270748901e+10,1.690782264881255750e+15
8.427028222278730774e+10,2.977606883510191406e+13,2.882109947935081177e+11,7.878511373547854492e+12,1.295762910345210114e+11,6.644166616284640503e+10
2.569129206727211008e+18,1.170260909113938250e+15,1.465503371896524000e+16,2.096725106251477344e+13,8.572505154077528125e+13,1.173509495564949250e+15
9.367718359861672000e+16,2.061769668003060160e+17,7.628084915016839000e+15,5.557151031385182812e+13,3.033572183412643750e+14,5.611106633185901250e+14
9.983459952251549440e+17,1.681134527873449600e+17,1.991754890669021440e+17,4.855568324923405000e+15,1.984248194332975360e+17,3.820243587733160320e+17
1.852442473330704651e+11,3.351898089035854720e+17,3.256284630071085205e+11,7.549502674245382690e+10,3.365321405621579742e+10,3.636659002554630737e+11
1.058870498006586400e+17,2.035045919016555840e+17,2.121988490406650880e+17,3.879743103574587200e+16,2.510783759613728800e+16,2.300439285671353600e+16
1.529848457928588400e+16,6.361639608932640800e+16,1.260695544960687360e+17,4.791844347521560000e+16,5.147595871013938400e+16,2.596535978496378400e+16
4.106930964669323776e+18,1.886211223961826509e+19,1.165436775773688576e+18,2.905243148888721280e+17,5.258535944117458400e+16,2.520873753374118400e+16
5.115397679755484800e+16,1.800049219088133120e+18,2.888457727547096500e+15,5.629953095050685938e+13,5.456605239223146400e+16,1.575751736839829000e+16
6.313531894874027200e+16,9.087353006777612800e+16,5.840226839764207764e+11,5.932273793261624000e+15,3.432536155235704346e+11,9.482626042855275879e+11
3.971334754346773504e+18,7.351608099751387500e+13,1.468699897535858750e+14,1.891746233881081000e+15,6.658548739840685938e+13,7.870080954734543750e+13
9.844153217741617600e+16,5.720688545568219200e+16,5.569938609802178711e+12,7.013409235387056000e+15,9.556282443468590000e+14,4.307858063076885500e+15
2.576332760173200320e+17,7.026901633498657500e+14,1.539143473771621750e+15,9.393426455433842500e+14,6.929930068439833594e+13,2.385354645901030938e+14
8.272699446885045760e+17,7.882293268733344000e+17,1.618670966201312320e+17,4.409192605398717773e+12,2.055631026992919250e+15,1.723114220284026750e+15
6.291678281531294720e+18,1.165118905383957200e+16,1.785354071693585938e+14,2.733760032208501250e+14,3.100050824705944531e+13,5.199720952003606250e+14
2.548234887463010000e+15,6.048836804953634816e+18,9.540990214033015000e+14,2.625279440850171875e+14,1.287740191299543750e+14,1.366758472400482656e+14
6.029776824866752000e+17,5.332482161755000781e+13,1.561015199272292400e+16,1.181323456232238906e+14,7.677776131821933594e+12,4.144409945270481875e+14
3.543365189442266112e+18,8.146822257441390625e+13,5.014346717960018400e+16,1.190931128421735312e+14,2.680008088863485500e+15,5.513781137038762500e+13
1.290962813275971584e+18,7.878462109169920312e+13,4.055145235068528320e+12,5.482258645124270625e+14,1.437613291922631104e+12,3.561760308421584473e+11
3.161151656491813888e+18,4.338835768377207500e+14,2.681395638921997600e+16,3.781272526578031875e+14,3.118352636381526875e+14,1.323942198878444375e+14
3.808222019848817050e+19,1.868161321236984320e+18,1.029709956751932000e+17,1.291122197947121920e+17,2.038653414766518800e+16,1.508998319968474000e+16
1.299019379419467500e+15,8.033543873329049600e+17,1.020049576011735750e+15,2.247975057641033125e+14,2.478192237637766800e+16,5.468356560074800625e+14
6.329036849086490880e+17,3.446460356944926875e+14,1.972941292142780938e+14,5.716476848857811719e+13,2.110889935462823486e+12,4.027311710344614746e+12
4.571250725881721250e+14,1.682361192503102400e+17,5.977892953002524219e+13,2.755068101074927344e+13,3.605665297192191200e+16,3.265913768165751953e+13
7.538668593966702080e+17,7.407417838815085000e+14,8.574915487803703750e+14,1.038824660301907375e+15,1.726003256837650312e+14,1.337383527290597750e+15
2.556908255812508301e+12,6.966909474135247656e+13,1.800842919615858154e+12,6.204387752207929688e+11,2.718048416093820190e+11,1.737866985694421082e+11
3.131985998374893125e+14,1.669690444024465800e+16,5.229173176854574000e+15,1.399194337951137500e+14,5.400143530810560156e+13,7.054714322745947266e+12
1.446606891437991040e+17,3.937404215819722240e+17,9.496565553952952320e+17,1.913898954206516562e+14,1.235245236468444160e+18,1.120266146538383104e+18
2.787612487558346240e+17,1.575381013321323438e+14,7.731085447505774000e+15,2.391263976754204500e+15,2.257888693444950391e+13,9.233198143927132500e+14
7.302157376881168640e+17,3.903768426805860480e+17,7.859925118781302400e+16,3.864340950988801875e+14,2.137064453580383000e+15,8.055622223375525000e+15
4.140450333044275712e+18,6.598474870920591250e+14,3.229967747087708984e+13,7.473008178578508750e+14,4.502537637939680000e+14,7.679613710477092188e+13
1.728379255378071094e+13,2.164441311846979520e+17,7.023494881016344727e+12,5.243024428270794922e+12,7.333101797748020312e+13,6.441780841418398438e+12
7.692427791808472320e+17,1.669522914141040000e+15,1.703658709734921875e+14,2.050006401493204062e+14,4.000895248354149219e+13,6.531070841808057500e+14
7.221054425812116800e+16,4.419394750081805440e+17,9.996283294248764800e+16,1.492561250264416600e+16,1.737731963980793600e+16,1.246216522140128000e+15
1.200230474459230713e+12,2.484048446307118000e+15,1.141476740020661133e+12,6.725718138110429688e+11,8.672323464983609619e+11,2.785658805681011963e+11
2.330954761867612109e+13,3.602992754425855469e+13,5.537515783737571289e+12,1.331922691235978760e+12,2.610707990376321600e+16,1.108339613875446045e+12
9.366792622256418000e+15,2.462856940942614400e+16,2.536085084885922400e+16,9.453594686050398000e+15,4.391758070308931500e+15,9.325936405759181250e+13
3.021893319137296143e+11,2.636907557356360000e+14,9.432342322595875244e+11,6.057894708412972412e+11,1.751189198467412720e+11,3.838825285047124219e+13
9.573636414644154880e+17,2.809810004257047040e+18,7.927222751883906560e+17,2.557509317050252160e+17,2.442721851163296800e+16,4.538238111492209375e+14
1.025697070052665156e+14,9.019421601608541184e+18,1.953188279500463125e+14,7.027601930040043750e+14,1.163589544867433750e+14,4.389386145962880469e+13
2.923723306584017280e+17,9.300233917732761600e+17,5.340812576890885760e+17,1.103565469231414784e+18,1.465703713382116160e+17,1.356057226073487155e+19
3.149772910918854000e+16,3.479322522111875600e+16,1.899725707214135254e+12,9.539752484419813750e+14,1.193984568933741875e+14,1.713309209983783750e+14
1.380675152509033438e+14,6.423434598844370944e+18,9.606418683477482812e+13,4.711803196631656250e+14,1.694997717595675000e+13,1.634006900166544800e+16
1.030499596027828003e+12,1.443882412719636480e+18,4.447788731811933594e+12,8.376347895637596875e+13,1.339845675733907715e+12,4.136820053447427200e+16
5.513892437269526400e+16,1.875341931232735200e+16,1.318258337873642400e+16,3.824566776807532000e+15,1.484559748592798500e+15,4.986690695439938354e+11
4.494181079620006400e+17,1.748894555557927040e+17,2.510901969682081600e+16,1.251190231427051094e+14,4.657019214894541016e+12,1.473534474288636800e+16
5.128746098854313600e+16,8.378844217113566400e+16,3.673406323099014160e+12,2.070928632287470703e+11,4.756545728079846954e+10,1.453855257470336875e+14
8.213541717320780800e+18,7.837232759456202240e+17,1.448597535185961400e+16,5.887629787886750400e+16,8.775067936335516250e+14,2.762918219100844000e+15
1.641724489744434176e+18,1.236758490492016896e+18,1.541654355778372480e+17,4.366215439633932800e+16,1.224838227744604250e+15,1.642525212246523500e+15
1.704354939114273280e+18,2.854088814690107000e+15,1.568465335772267500e+14,1.865962183809950000e+13,1.684822588198983789e+13,8.652884347750937500e+14
5.287547700988398592e+18,5.694470839215456250e+13,7.287763963515927000e+15,6.551859702998879883e+12,9.764849308993018750e+14,6.992323837417627344e+13
1.296106252401436160e+18,9.697042945715676562e+13,1.550949678467013120e+17,4.094794672683600000e+15,4.463744508606186875e+14,6.365030670249980469e+13
4.658625931615232000e+17,1.294594281532275600e+16,7.417394575870428750e+14,5.061307482259336250e+14,1.841516769885970938e+14,1.719884966704178125e+13
3.290990426385353516e+13,7.634492404768248047e+12,2.923279582283972168e+12,8.630829889587594000e+15,2.757769080376475586e+12,7.043680280573406982e+11
4.301108462383895200e+16,1.044470255321267600e+16,4.401127665687167500e+14,3.672878553689696875e+14,3.081083267467993125e+14,2.743893235202534688e+14
1.750089611303948544e+18,8.528213748439404800e+17,7.672082161089565440e+17,1.303299748783278560e+17,1.037899053088500480e+17,2.505039914748233200e+16
1.203488157937951130e+19,9.083498697589166080e+17,7.936536920401926400e+17,2.898299653843562880e+17,1.831441226630829760e+17,5.015757740922334000e+15
4.998454616061519872e+18,2.473353231986904320e+17,2.897808606435527680e+17,4.436980011382960000e+16,1.115548069823487969e+14,1.142424524520399600e+16
4.664335655094995840e+17,4.386944891336034000e+15,1.010736298627934875e+15,2.193915837121228438e+14,1.776153733554731689e+12,4.895122144033921509e+11
3.008032128114194000e+16,2.294969167126466800e+16,1.072634206904789600e+17,1.367013596596697400e+16,4.311390395757635000e+15,1.055354497948161200e+16
8.326648771967873024e+18,8.228718639161018750e+14,8.433353861978025000e+15,5.159449609311191875e+14,5.953139041344837500e+13,1.055224645578249844e+14
2.116986410947036480e+17,7.124865026639386400e+16,4.018812221555553920e+17,7.981035416171090000e+14,3.744730492533125600e+16,1.140762995993097800e+16
1.987342546695697280e+17,5.551159453949985938e+13,5.207347365754968872e+11,2.481039257715794067e+11,2.700729404612230859e+13,1.922038423395904236e+11
1.457914821938960320e+17,1.832848268129709824e+18,6.427959052680646484e+12,7.020857189812003125e+13,2.818310089788471191e+12,3.925401850910222656e+12
1.109542440118084000e+17,9.660028690487123200e+16,6.644592372379358720e+17,2.068795374863242560e+17,4.455617079479566080e+17,1.887697586618526250e+15
2.390351228292685414e+19,1.496031641869995264e+18,5.609394857784191200e+16,1.010879153976682560e+17,3.457524373466345200e+16,1.691220732265667200e+16
5.114612400505048218e+11,2.538088055293905312e+14,1.701538606659980957e+12,8.690461691556960938e+13,1.360857272487632812e+12,1.989426887867166797e+13
2.423558513286895000e+15,2.839772867163618560e+17,2.631526242384010254e+12,2.205187503576156250e+15,1.405593020491948975e+12,6.738610586067410156e+13
2.015780075384360640e+17,3.283527770861640400e+16,2.055613608983625280e+17,1.314762290359912320e+17,4.795319364282801920e+17,1.711386681572170240e+18
2.593008391414765568e+18,4.003732677623910000e+14,8.689905294709700000e+13,3.612292253254041250e+14,1.017222735455748438e+14,4.174876113681008594e+13
1.368595288275977421e+19,1.468314659924631552e+19,5.660981453796708800e+16,1.772263156235264000e+17,3.425648362843932800e+17,3.502931437322603500e+15
1.103432186851706314e+10,3.174524243428979492e+12,1.052360603085173492e+11,6.368466984275885742e+12,5.553176333964712524e+10,2.431417235952300415e+11
4.449371270456840320e+17,4.078562128902155520e+17,2.131866306823871600e+16,1.720683207212562560e+17,6.514322282012175000e+15,4.933376103292547000e+15
7.337650636655590820e+10,1.458163800199845000e+16,1.164517446129646149e+11,2.569416938889720154e+11,3.415209782113415146e+10,1.020781059721306274e+12
4.752776411715118400e+16,1.104639450785069440e+17,1.591858335396955392e+18,9.693021146165176000e+16,3.529304994234181200e+16,5.207054851577112800e+16
1.092268453963825152e+19,4.789817301273412480e+17,1.645949371809964544e+18,7.390383050504915200e+16,2.255831471554861500e+15,1.863754162543819375e+14
6.957297865921808750e+14,4.513969332063006720e+17,4.015245920699632500e+14,1.220894479525173125e+14,6.927594287597025000e+15,1.991841393565715200e+17
3.779991629925082397e+11,1.615773944406525938e+14,9.559588942217982178e+11,2.353757276295364844e+13,6.823944294447615967e+11,5.160056385061573600e+16
1.382586854905289728e+19,2.126378848094645453e+19,8.594986386262159360e+17,3.076152321639025920e+17,9.200314261235614400e+16,1.609839922512954880e+17
1.470342147843505250e+15,1.122506786570622080e+17,1.225313689877061600e+17,2.971754688058451500e+15,1.854105260300018616e+11,6.140186706064022064e+10
3.662406629808226560e+17,3.292497697947265500e+15,2.541799897866492969e+13,2.112167135668150312e+14,5.084265809752411719e+13,8.144436080216318359e+12
7.367148980654400000e+17,1.430053902611611750e+15,2.806516173326254500e+15,1.101727498706266500e+15,8.043201287170422852e+12,1.616478352073392188e+14
4.480265385601662720e+17,9.264804491403811840e+17,5.341283545682647040e+18,1.278289234304170880e+17,1.014705660804730000e+16,2.447696233732091500e+15
1.156784132224773600e+17,3.914877768160572800e+16,8.290216488336233600e+16,7.331357456768939209e+11,1.071450414384225625e+14,6.616887404178259277e+11
1.691598286684585571e+10,4.384066633676914844e+13,1.516356602676619873e+11,1.567539241254700012e+11,1.744305523915278625e+10,6.880248716443402100e+10
1.178135149114471360e+17,8.191396049335480320e+17,2.007496150719430720e+17,4.347481123940811520e+17,3.888664548909665920e+17,2.052067923990795600e+16
2.248737646405971520e+17,6.061996003796436250e+14,1.600247303254945400e+16,2.152688487093191250e+14,1.179627112022296500e+15,1.213232052897508906e+14
3.700417173876082688e+18,5.014617823720759375e+14,3.370841164790658000e+16,2.861871845269046250e+14,1.588540679393450781e+13,8.021514522089217188e+13
4.033083715954214400e+16,1.079559583904653400e+16,1.473447515968777600e+17,1.641035888285519200e+16,4.489334546996058000e+15,2.174074486215786250e+14
3.670978111385409600e+16,3.276205707638644800e+16,3.528055881552300781e+12,5.963361576669146000e+15,7.215794296807420654e+11,1.900328463988449000e+15
3.904822680624758000e+15,7.817105486198182400e+16,2.965354649298217000e+15,2.769892355001902000e+15,3.083806886193441250e+14,2.832533592268911328e+13
4.705355025988648960e+18,3.041383161161614720e+17,1.579914927009166080e+17,1.033007923720909760e+17,1.298071494605714000e+16,8.497074107627651250e+14
2.302605428316252930e+12,1.591790023156925000e+14,3.735188363438134766e+12,2.335581591469185547e+12,2.181882687255977734e+13,1.333095006121453125e+13
1.015732077476646781e+09,3.389962765973746000e+16,3.257872111599450302e+10,2.324706407222449219e+12,1.134890473128770752e+11,9.420417115460411072e+10
3.672726466693668480e+17,8.116856611746686250e+14,2.164835317805840000e+14,2.146185210486250732e+12,2.762686395643600781e+13,2.443058979683346250e+14
5.654214397962957600e+16,2.524257235657575360e+17,3.241198108546017280e+17,1.400495586334847200e+17,2.000021346270030800e+16,2.019235080013823600e+16
4.442983775680263680e+17,2.295278147645967040e+17,9.859016885067078400e+16,1.709537159684115840e+17,5.898289130849475840e+17,1.923430128454882800e+16
1.584702557803215872e+18,1.337287927470227812e+14,7.575032743872838000e+15,1.469907125636663750e+14,2.175324545299344141e+13,4.963528520612448242e+12
1.078706108112771200e+16,2.032336016429963840e+17,1.882611748316036480e+17,7.897842225727889600e+16,1.313232021987320400e+16,4.136879226971059200e+16
4.307656729192360320e+17,2.866371165870034500e+15,1.378824848502709844e+14,2.574481448224412500e+14,1.250502098503352500e+14,2.197529139936103760e+12
2.063692572911194240e+17,1.394884793351899680e+17,2.160985424058813600e+16,1.599072335545777200e+16,1.229881076966210250e+15,5.047148324624338125e+14
3.910809380348156928e+18,1.379504241519605920e+17,3.261906158976339200e+16,1.264760153801868800e+17,5.178865787298286000e+15,5.690327931901312000e+15
2.577346109854864746e+12,5.062646720807385625e+14,1.903161821503972656e+12,6.158357092846688232e+11,7.009098722900285645e+11,3.903256354261738770e+12
2.629979276569983360e+17,1.237281082756538594e+14,5.104230667572642212e+11,4.680755945519776001e+11,1.981948182517250625e+14,5.615126336788685547e+12
5.935330829015171840e+17,8.953113310886366250e+14,1.427348653098769000e+16,1.042519959874686000e+15,1.434620390572468125e+14,2.103828470413376562e+14
4.886591324539388000e+16,2.670705244327514000e+15,2.072208810358598828e+13,3.906724893297463125e+14,4.151435283003810938e+13,1.052181488665838477e+13
2.143815402768266750e+15,8.481867046861263360e+17,2.346610977545526562e+14,7.434422744896812500e+13,1.017691677643015040e+17,3.212034046587514062e+13
8.681652446538185600e+16,1.495879129753708544e+18,6.455812319227223200e+16,2.892029675996152320e+17,1.511089604121793536e+18,2.570674307559606080e+17
5.580722854698493652e+11,1.268238497083217500e+15,1.560799765593874268e+12,1.273713955979104844e+14,9.393916498010686035e+11,3.501143491262507812e+12
7.815352395243616256e+18,5.250377745636788750e+14,7.954449055889714000e+15,1.361965895305995469e+14,5.940456384361420312e+13,3.012129183183903750e+14
3.089385296326856995e+10,1.968925972743995850e+12,1.813944242876731110e+10,3.025660527059884644e+10,6.995211604728587341e+10,5.362230259499992371e+10
1.460605338661194800e+16,2.500283577031418945e+12,1.078046210450421600e+16,1.822991817201121826e+12,1.262918884321306396e+12,2.157163224185838438e+14
8.386182122880140800e+17,4.929431977633208000e+15,1.834460843750274500e+15,3.508349901970305469e+13,2.382337038462457500e+14,2.953595410405725000e+14
6.462949548054719488e+18,4.853225418860279398e+19,6.453480377978282240e+17,4.926214946372960000e+17,8.152335646046454400e+16,5.761980396104845000e+15
6.893930492264664000e+16,4.429863910328865600e+16,1.629565685909666000e+16,1.828685011972209920e+17,1.937994870864828160e+17,8.171185372803169600e+16
9.563369186096300800e+16,6.241245611385541600e+16,2.602270877309603200e+17,2.351568959112827520e+17,5.905007473023546400e+16,4.820486386202407200e+16
1.216304722574525440e+18,1.917996463332913280e+17,4.016544463082716000e+16,6.673882976866321408e+18,1.865361401331912704e+18,2.443623944661993472e+18
2.225047520850138560e+17,6.755725422424936000e+16,1.877416142845762816e+18,3.306278932736665600e+17,5.895762535314944000e+17,8.430248959493914000e+15
1.338498416736783520e+17,2.864449594253281920e+17,1.035424502831370200e+16,3.059988068448023500e+15,6.808241317792402000e+15,4.994675836106102500e+14
4.676800226356173824e+18,4.475372080115336320e+17,1.692640333299383360e+17,5.345933924071638400e+17,2.679522672615429200e+16,1.600090325819481000e+15
1.093566329705446600e+16,2.670196806018689600e+17,3.963959708264240000e+16,4.040112919873356800e+17,5.208943812387345600e+16,5.217495038947880000e+15
2.439218110451709952e+18,5.785637423021753750e+14,2.826735190895974400e+16,9.193566082608142500e+14,1.809577874439790234e+13,4.607092467755962500e+13
8.145141853062493440e+17,9.297679876199485938e+13,9.364831510978092500e+14,5.629933891962535000e+14,2.871317936811713750e+14,5.315746565633282500e+14
1.908931052743898125e+14,6.135217701492809728e+18,5.408284537863320312e+13,9.856325891350596875e+13,2.786596561367085547e+13,4.854435176444424805e+12
4.379785217979935156e+13,9.607216296899388750e+14,1.454108676506933398e+13,4.976680446716202393e+11,4.802028488459044000e+16,6.627833847079694824e+11
5.105182594696542080e+17,9.709612301292707840e+17,1.255155062355940864e+18,2.245501639956324800e+17,2.357980470346957000e+15,3.205945265846618000e+15
3.521058137738328064e+18,1.335639174058605312e+18,7.922042617587791000e+15,5.779655148316568320e+17,5.076973311926065000e+15,5.282217500935562500e+14
3.798499176607053312e+18,8.539398974165667840e+17,3.024141851824698000e+15,1.034223828846920938e+14,2.577147342747214400e+16,2.812424880181849600e+16
6.786106186306883840e+17,2.195313038731399375e+14,2.356094550361307840e+17,3.016404225863193750e+14,1.165422713911353000e+15,1.280185269483569531e+14
6.746907980706629632e+18,1.422886201693037120e+17,2.673640545875317600e+16,3.159751459558851200e+16,8.515781979468660000e+15,5.827511578919585000e+15
6.168250294914524160e+18,2.178206665971112500e+15,1.472162801273454800e+16,2.681471173128311250e+14,1.975401424090770312e+13,2.015644239038772188e+14
5.898512227979587584e+18,6.739696354734721680e+12,6.437551547658378906e+13,8.646212217455357812e+13,1.722297283889698750e+14,1.434924672381745312e+13
1.153690963127155968e+18,2.212941649520828480e+17,7.499804668214547200e+17,1.265126185149854464e+18,7.641462214300681600e+16,9.351655330145938000e+15
3.849376264525406720e+18,8.702555908998475000e+14,2.169880848550965938e+14,9.867409110863138750e+14,2.524831693658402832e+12,1.875269370605876562e+13
8.357038510222206720e+17,4.347806691297621875e+13,1.088505361945759400e+16,1.031160705448444688e+14,1.716449949304817627e+12,1.366722978196062000e+15
2.367594218790198000e+15,5.901367417606788000e+16,2.801479461450744000e+17,4.276543302309507200e+16,1.538486447025360250e+15,1.311355068858597750e+15
7.817889417038197266e+12,1.263793140707375156e+14,7.786566132074946250e+14,1.415105566284785312e+14,1.463020744389448960e+17,1.498950061949750391e+13
3.200231979027866624e+18,7.773118208685856250e+14,2.821547369574250000e+14,4.421368258478653750e+14,5.757118268063743750e+13,3.140414909502596875e+14
7.643232326372646912e+18,3.805533249875287245e+19,1.476267694079624200e+16,4.418653791556840960e+17,1.225964092687207360e+17,9.874123134814552000e+15
1.819596821382215424e+18,2.056079073019691562e+14,3.046529748785786880e+17,6.450171743858009375e+13,2.301801954006185000e+14,9.582469230947014062e+13
1.433900138180178080e+17,2.856587773715880400e+16,9.678127363723628000e+15,1.756544645042548200e+16,4.314823140819025500e+15,3.954427572696467000e+15
4.794875927529064448e+18,2.096033258034697280e+17,7.262328177030321600e+16,1.165392907281421800e+16,1.238658401799707800e+16,2.343836166823742578e+13
1.885910171190628174e+12,3.382713236043072656e+13,1.237703643249170166e+12,5.196745572246073608e+11,1.907317635572164001e+11,5.717944659644689941e+11
1.028353117478357200e+16,6.392070422889778176e+18,1.827445865896323500e+15,4.879427149046277500e+14,1.685237450872161600e+16,1.761720972816149062e+14
4.715738725642283203e+12,1.328597740244095312e+13,3.100113513675713867e+12,4.082779192796985474e+11,4.311941626498356445e+12,5.967861126357346191e+11
2.762850951531888640e+18,3.759959244513021440e+17,6.178912247872087200e+16,1.611677294553041250e+15,8.604041067692543000e+15,1.608465164659812500e+15
6.477569082795924800e+16,2.260850904966496000e+17,1.905674451983856128e+18,1.066587474865612188e+14,1.108657437286722432e+18,4.723657862366114560e+17
3.577149122346612000e+16,2.259568224083387200e+17,5.843310815311243520e+17,1.888321716801079500e+15,6.270085097142425000e+15,2.065299338841392800e+16
9.251951376248963840e+17,2.817250448426930500e+15,4.465075931416568125e+14,8.920193405859686250e+14,2.354856843785909766e+13,1.873762564648940625e+14
2.035860153767447266e+13,7.032873867300171000e+15,1.559534607952446484e+13,2.685284631911915039e+12,1.938978061430204834e+12,2.547908641836675391e+13
8.136663575021461760e+17,8.861236007332091904e+18,1.545941796335949568e+18,1.155026748542073920e+17,7.491703475745017600e+16,3.628020965456487200e+16
2.089443629911342336e+18,3.102710348189954048e+18,2.754980790352678912e+18,1.114086333784105344e+18,1.380190534527543680e+17,6.969805387114319200e+16
4.996027909156948800e+16,9.768645056452747520e+17,2.903766591187360625e+14,1.112281675916609920e+17,3.715844926395180000e+15,2.056348175285723200e+16
2.376335111529594880e+17,6.940249685110888750e+14,1.773248456344022812e+14,2.398933740669903809e+12,6.902207640968656250e+13,1.593715164048958496e+12
7.398463673354916800e+16,4.052317165408796800e+16,4.672603478439213440e+17,3.178708692572253125e+14,4.930210440934322000e+15,5.338288187257750244e+11
5.069178989494182000e+15,3.223409031133451264e+18,6.649693097936226250e+14,1.700477656638552812e+14,5.383290530849008800e+16,1.762378674448868750e+14
6.675413292902160156e+12,1.121617529699081836e+13,1.924107061698408192e+18,1.892545271338754688e+13,6.828687937832226000e+15,5.292869520125914375e+14
3.121355317921188000e+15,2.495014157545298000e+15,5.267289630704480000e+14,7.744648057033483750e+14,5.911158005508655104e+18,4.936288796081779200e+17
1.028717593888292122e+10,3.190905848081257600e+16,4.475414158758203888e+10,2.483481230982067600e+16,6.354649611824404144e+10,1.211804413192089386e+11
2.700028406048080938e+14,1.251009558225261719e+13,3.351534996492553125e+13,2.259279033586017969e+13,2.943945341954988770e+12,4.329781449600374512e+12
1.148880406023582400e+17,1.322047586484856960e+17,4.311034265757491000e+15,1.770655544216969200e+16,8.852249546815211000e+15,6.367512804468123750e+14
7.376078347180639648e+10,6.880216544846098000e+15,1.209780961768789368e+11,8.999577007540521240e+11,4.201739735631746826e+11,1.401138103972056885e+11
6.945267674780267334e+11,1.251155656195522500e+14,5.164058091572314453e+11,2.679821809827775269e+11,2.247149207886542358e+11,1.908763678643731079e+11
2.633627048290384277e+12,2.190822198203093250e+15,1.892388746612978760e+12,1.025042000944991992e+13,4.372802922069437256e+11,2.446908034949733582e+11
8.018188299895113281e+12,5.891164562347656250e+12,4.941585918005300000e+13,8.844416832079869141e+12,6.745135860793554000e+15,4.555933637026698242e+12
3.507495546212084941e+19,1.761691924674495250e+15,2.261650271354054800e+16,2.159659720473953250e+15,1.030473223915833125e+14,1.280458422520888281e+14
8.040587375749207000e+15,1.570423016329642240e+17,1.775459320378945312e+12,7.093392757735752869e+10,6.614032520355359000e+15,6.416975794698481250e+13
1.368666891847446719e+14,8.947392228669941760e+18,1.380645503075899531e+14,4.357334500485461875e+14,1.744648950850745312e+13,3.613265914662277000e+15
1.394139336560537720e+11,4.907310119764803200e+16,1.674686565610463867e+12,2.185608522870666880e+17,9.887894660612480469e+11,7.364554511553957000e+15
1.157278451590638592e+18,5.140388841423173828e+12,1.389325592553030400e+16,1.259829499524778906e+14,3.936238998204339062e+13,1.746225166992083750e+14
2.551241576962836480e+17,3.494261267816480000e+14,1.631888135502594688e+14,9.701956538336177063e+10,5.538729660179866943e+11,4.456108507310076562e+13
1.772207098987391232e+18,2.716718821712279375e+14,3.126830033166967200e+16,7.330309859784053125e+13,2.218251445806049375e+14,1.982521703394720312e+13
4.352364394233293824e+18,7.668544161140651520e+17,2.463080665100452160e+17,9.809915509409666000e+15,4.454322178966920000e+16,7.828004619067893000e+15
2.976441612062195200e+16,1.258314092739587400e+16,7.252037158331931200e+16,3.450446886374444160e+17,6.317019800415007200e+16,1.376821462780433000e+16
1.445364789830359800e+16,4.295078627513089920e+17,6.176041150617100000e+14,1.699636626962936250e+14,5.335972823053636250e+14,8.328667853849009375e+13
4.804361314313358336e+18,1.278235412099340250e+15,5.722715079311087500e+14,6.067705491282217188e+13,1.599469989954219688e+14,2.027111042194599062e+14
6.080576078871746560e+17,7.093861864303145000e+14,4.181917999326985500e+15,4.320801139491686875e+14,2.252769593095211328e+13,7.504323613538237500e+13
2.496728286542792000e+16,2.750103308593895040e+17,1.843273562109227600e+16,8.222888628926182500e+14,3.375687914107531250e+14,2.007045973183913438e+14
5.988574763225930752e+18,1.802348472120016640e+17,5.209444306523407200e+16,4.181885323298831200e+16,8.802268793042738000e+15,3.312064618950218500e+15
2.416090175753047200e+16,1.567794470563190720e+17,1.390381140274398400e+17,5.188728549618285000e+15,1.595130895895283000e+16,8.468930368342973000e+15
1.623798240738056885e+12,5.384508310929040625e+14,4.069128775195574219e+12,6.572930910369685938e+13,1.932281822229350586e+12,9.775484387733016357e+11
3.671713553045516288e+18,1.269785138200723456e+18,1.270318480955063360e+17,2.343178685341349440e+17,5.242171406544611200e+16,9.632318308551664000e+15
4.847195328433201920e+17,6.830343854268883594e+13,2.479517687331302080e+17,7.614650081997414062e+13,3.641402455234523125e+14,4.274621468740876562e+13
3.030074890569480400e+16,5.207927361810557600e+16,2.381523352323822400e+16,4.048138877273923340e+11,9.205284383120484000e+15,3.958033848705760625e+14
1.795960012754486875e+14,2.520367519188000960e+17,1.943837321353403438e+14,2.279721057018765312e+14,2.462293466824189453e+13,6.095583957015786000e+15
2.809372762736931600e+16,6.687771980420304000e+16,2.121694150621399200e+16,5.593338976294534000e+15,2.956371770764731600e+16,2.037495891798107750e+15
1.947092073959695360e+18,2.063828536640793344e+18,6.003216910138074880e+17,1.744592168890909120e+17,1.347347750752896256e+18,4.387523048703402496e+18
2.428958209950568400e+16,1.250842369454264320e+17,2.866217002159614800e+16,1.045010676154638400e+16,5.433885189781565625e+14,1.371589489393455000e+15
1.115780851880252800e+17,1.364195171769282720e+17,3.558428518048999040e+17,1.607123115434555000e+16,3.414957600285207000e+15,7.097401095242823750e+14
2.860204629480150000e+14,4.585333840904558720e+17,2.603617486197695500e+15,3.932108339109285000e+15,2.574825749700240500e+15,6.255561943091498000e+15
4.866936684517161984e+18,3.079870917244557440e+17,3.945116737060800000e+16,4.428197449969542000e+15,1.306386929860728250e+15,5.907925922377220000e+14
1.184755786920093696e+18,5.667038959859090560e+17,3.173158105184500800e+16,2.536052486192588400e+16,2.702673551677471484e+13,1.302449837627422250e+15
3.977995325735359000e+15,1.637223675772739840e+18,6.388616701756443750e+14,2.024442620031404688e+14,5.447926042194748000e+16,1.986493482003156750e+15
1.068309062469781094e+19,2.145397976773600938e+14,1.703530178696255500e+15,2.264352795200431562e+14,1.489275428765471094e+13,4.548862872775801875e+14
5.204285877315998720e+17,9.671111161924960000e+16,4.950103759541588000e+16,8.523657652348760000e+15,7.789153649517152500e+14,1.867622077928412400e+16
8.234812769597217792e+18,8.089359943677739008e+18,1.098932762614625024e+18,4.335304390440568320e+17,1.225398106924032320e+17,1.579200083231399200e+16
1.087969843502926125e+15,9.384395556009005859e+12,1.460078749142572461e+13,7.633446919467958008e+12,7.445255997372133789e+11,4.365700834226130371e+11
1.778915382402664704e+18,6.728223649237231250e+14,1.727092113484662400e+17,7.251532301297320000e+14,1.276021048405876719e+14,4.299885503536799219e+13
4.192671532529036800e+18,1.746958047719614250e+15,2.382361323637536000e+16,9.847868393035137500e+13,5.358877916822099219e+13,1.051483209596616562e+14
4.092925756946930542e+11,3.524249039214493652e+12,1.681195955753805542e+11,9.278756737995150757e+10,2.871007869317711000e+15,5.487905340286869507e+11
2.958542855306448000e+16,3.139055882949048800e+16,1.100085755694480256e+18,6.654892115681688320e+17,8.520821635558436800e+16,2.251987078678909120e+17
3.229074239173053600e+16,1.161398647804456000e+16,3.650239064495722880e+17,5.062769365818764000e+15,3.961615845329985600e+16,2.503528497401691406e+12
3.308895718763017200e+16,9.759989169113577600e+16,3.277987377954387200e+16,9.001701722928997120e+17,1.124621346759391488e+18,3.592959141206190080e+17
4.939956505028472320e+17,4.542540342387009600e+16,1.330652551920512320e+17,3.346343388450541568e+18,1.011703507654442189e+19,1.445594224155052400e+16
1.275729394299616256e+18,2.583351676745995520e+17,2.841451976882984400e+16,4.904086683719064320e+17,3.028319425178478592e+18,2.397679488017123840e+18
1.829965845089737472e+18,1.660281113902831616e+18,3.339461456009993600e+17,1.293810667694783200e+17,5.786485656248342000e+15,9.163135627954433600e+16
1.924866770733210400e+16,4.001022407717370400e+16,9.386550807618422400e+16,7.394036717847660800e+17,3.742124962874252800e+16,3.395216377013240320e+17
6.986653677711785000e+14,1.069685813205760128e+18,1.306536626670563281e+14,4.960112096961126562e+13,3.607748973397348000e+16,1.785062098091773828e+13
3.587110474181997440e+17,3.747578295261598080e+17,5.819773709551155200e+16,7.290839562974734000e+15,2.523852145696093500e+15,3.184142067692905000e+15
1.210117376958757750e+15,5.390000956891344000e+16,7.043075649604620000e+16,4.673027079531053600e+16,2.474425259246691895e+12,1.454490705798427840e+17
5.423727963548502400e+16,6.786634107425135200e+16,1.711361710524799000e+15,1.609777316108902750e+15,2.215471028184087109e+13,1.732117469265708398e+13
7.979856420164563200e+17,4.111772568434925600e+16,2.329003149103988000e+16,2.073176666559785280e+17,3.726929224806780500e+15,4.796920782096320000e+15
1.112808928628677837e+19,6.307759970457766250e+14,3.491817784501544400e+16,6.315570152084437500e+13,6.037746799723869531e+13,1.563464184485254375e+14
1.229372845471600000e+17,2.691771148875160640e+17,3.384787100970482560e+17,4.610223339319492000e+16,4.500611486340951000e+15,1.185155843997474400e+17
4.135451888602575684e+10,2.595815945531060312e+14,1.642028680823469238e+12,1.854671432517116943e+12,9.570153670859746094e+11,9.116622077230386963e+11
8.885301166826309120e+17,3.053094121850205600e+16,7.214811806942896640e+17,8.628038490483559000e+15,5.815973273444574000e+15,2.291534838374211200e+17
2.637286861175393000e+15,8.331475371393944000e+16,7.787356835379037500e+14,2.350952449793823750e+14,4.908260564141445000e+14,7.432323595778203125e+13
2.551638861310045500e+15,6.938998806970827200e+16,7.159604979364209600e+16,3.047690256008167000e+15,1.559398131953668000e+15,1.167596854978875800e+16
1.210922188574205566e+12,1.783617835401240312e+14,7.936176916452458496e+11,2.876987528099968872e+11,5.998965259203215332e+11,5.285453508310333252e+11
2.119802502378665466e+11,6.066173013519796094e+13,3.502573320909733276e+11,1.411467621552516602e+12,1.315690150224739075e+11,8.614181680432646179e+10
2.164941746245724400e+16,1.839253677058523840e+17,5.157143170342793000e+15,6.431137156844031250e+14,2.125643970307158936e+12,1.854858133477080994e+11
8.817049345050872000e+16,1.606608854922056250e+14,1.827179303363897000e+15,9.636099519384029688e+13,3.244655383072944531e+13,1.501790834420514404e+12
1.242290710966650624e+18,3.894432035948238848e+18,5.282402718423832320e+17,3.952035211248154240e+17,1.835800307910928320e+17,2.953344753252576400e+16
1.606027072019034500e+15,5.760088114764822500e+14,1.025974918483225938e+14,1.189394984220727750e+15,3.246602717158226562e+13,9.951010806593400391e+12
4.305311031601510400e+17,5.040781765644741406e+13,2.684623177754818500e+15,7.121823318168334375e+13,8.734659891089592188e+13,6.448055616783443359e+12
3.842235289570843750e+14,5.523056008746944000e+16,1.380833811931464192e+18,1.445992192216085760e+17,9.831573515599564800e+17,5.015859820890938240e+17
2.129563479521170432e+18,2.981381879031488281e+13,1.613690059903915200e+17,3.307836889022131250e+13,1.317602811371820500e+15,1.528412386743814844e+13
1.598149959495970117e+13,3.348514697901860000e+14,6.448021384557136719e+13,1.237024940444925312e+14,1.617460605686906836e+13,7.922009822906815430e+12
4.343366256431719727e+12,1.144115195735124250e+15,1.415677499128183105e+12,1.704300759362423706e+11,2.927017937643982544e+11,2.068100435402771875e+13
4.791039363806942400e+16,5.561386048560483000e+15,2.323827521420289920e+17,9.241812453107006000e+15,2.889377850726616000e+15,9.155766943366878000e+15
3.737960611170767200e+16,5.004304496450156000e+16,5.664996375051768000e+16,1.166180445537461523e+13,8.113027613099758301e+11,7.237040476139953613e+11
1.822474578075265200e+16,4.631398857865042560e+17,3.821241608471747072e+18,7.389841573785610240e+17,4.993408719550855680e+17,8.015154473020462080e+17
8.472651676380752896e+18,3.216962652547359360e+17,1.957578449651646800e+16,3.865657599531832000e+16,1.480863172182719400e+16,1.331570633042411500e+15
8.290423967531224000e+16,4.241332394323783680e+17,4.073569299623501312e+18,5.034882718089461760e+17,3.978068287400122240e+17,1.727995665462275625e+14
1.204090632627797248e+18,3.999517613153639375e+14,2.383730050055186719e+13,8.038164664242132500e+14,1.555981538066080273e+13,1.689691412033275635e+12
3.475910452157641728e+18,5.619165589089564160e+17,2.902495142124025600e+17,3.267189515194709120e+17,1.070267889342864960e+17,1.379664441574458000e+15
6.491433059560270400e+16,5.033387857780070400e+18,3.630480392845218500e+15,9.802237314489980000e+14,1.381640958993058080e+17,4.112629969435230000e+14
4.236710192277125600e+16,1.231092923418663600e+16,2.371348027495115356e+11,2.099784589238096000e+16,6.140135965033910938e+13,1.629260543000775938e+14
4.178004903301922304e+18,1.779726954085068288e+18,2.605128023258129920e+18,8.727214559921510400e+17,8.390802660210347200e+16,7.065252683568184000e+16
4.465385073835860625e+14,7.266976001093683200e+17,3.555625568784645000e+14,9.218793651132312500e+13,6.078114107558278125e+13,1.250238238871609920e+17
1.493047668542196400e+16,1.538323237454838720e+17,2.369126073796820400e+16,1.589055491732293000e+16,1.713499737519807400e+16,1.356355289126898750e+14
3.523610262945591296e+18,4.239584553684303872e+18,9.320672851240830000e+15,6.457501213470406000e+15,2.198494789271298000e+16,9.492851887486715625e+13
1.136641374132859290e+19,4.238583534189723648e+18,5.840717300876471040e+17,1.221268961635813376e+18,2.561153322219467500e+15,9.143485604916674000e+15
2.258270438156977600e+17,2.300958554806423828e+13,3.812069053353263281e+13,7.861761230030731250e+14,3.694892079819523315e+11,6.005563183017614258e+12
5.320592501531096320e+17,9.519821198000110080e+17,7.995614608124611840e+17,3.924064368903624320e+17,8.455845962036291840e+17,1.581521960293674496e+18
6.764632071518087168e+18,3.064008903381176730e+19,1.380949438694419968e+18,9.548198804023480000e+16,1.371049864703432160e+17,2.593056139770475600e+16
7.986366178375575000e+14,1.413019629245720576e+18,5.253629290441840625e+13,3.234106848678856250e+13,4.061392773495283200e+16,5.261351899240933594e+13
1.625360469006883635e+19,9.689363992553818112e+18,2.099762115067360000e+17,8.303949443984011200e+16,1.978070732269818000e+16,3.198180141594526400e+16
5.620263385204610400e+16,1.369463231799003360e+17,1.839324740137988000e+16,4.405450646818170400e+16,3.462406652513662400e+16,3.757000628646738400e+16
9.076977270229982422e+12,2.273781971730445312e+13,1.356021821683378906e+12,5.135415283232329712e+11,3.443670866461141000e+15,8.408631153010981445e+11
1.049748543868585120e+17,1.088719969526552160e+17,4.893636728958179375e+14,1.550185290918652188e+14,1.134813512773187012e+12,8.047896954980532500e+14
2.682414133108875264e+18,2.628798389977411072e+18,1.277319337921630880e+17,3.352183247586672000e+17,7.862735711937419000e+15,4.563966050013486000e+15
1.066029895939652640e+17,2.619095764733959600e+16,4.323851136600920320e+17,9.620934861628362000e+15,4.376081482039159040e+17,3.226132862442715200e+16
1.207181972180941800e+16,3.267750949162083600e+16,1.162687493785280500e+15,2.066240707312376750e+15,1.460857656950154419e+11,2.613219144221308136e+10
1.884032224872278720e+17,1.358917048760852640e+17,1.095206073897760480e+17,2.821598115833380400e+16,3.464914177794612305e+12,6.173415289232612000e+15
6.443754767523689600e+16,4.636484060861091200e+17,4.427588240734142720e+17,8.143568126009055000e+15,1.198215494440456600e+16,1.603133384431789000e+16
4.386404127938397696e+18,1.666725897270217750e+15,6.010254943346644531e+13,1.286660105074291750e+15,7.390736070407563477e+12,9.932622543156192500e+14
6.426897124120276992e+18,4.218665543199625625e+14,1.962459991527298750e+15,7.111517058592376562e+13,2.215203092430250000e+13,6.956384568291124219e+13
4.939548015445081600e+16,1.328380818781739040e+17,1.534508166342517000e+16,1.583006951740448000e+15,8.534031800451657500e+14,8.318056517473237500e+14
1.383672948335194368e+18,5.712356417769403750e+14,1.310243453069254102e+13,2.073665263268906500e+15,1.247564789997382812e+13,1.154995258624049609e+13
3.641475942311909668e+12,2.176803479603582031e+13,7.048436319276212158e+11,1.552539706369678040e+11,9.840893046175518799e+10,4.985445015505057617e+12
9.964119746174781440e+17,5.781600821939912500e+14,8.123550028734472000e+16,3.084103432531290625e+13,9.049876521551653125e+13,1.062208915523088438e+14
1.333464480989067800e+16,2.728972195660505920e+17,2.541670010945302400e+16,3.070528158366182400e+17,1.687375799276648640e+17,5.328926742313476000e+16
3.452393065130531840e+18,1.305005658670864250e+15,4.938565064152366250e+14,2.495145003214606641e+13,6.293954399655182812e+13,3.333820366064223750e+14
1.042555288077340960e+17,1.010317828277852640e+17,2.581401276523596800e+17,2.309799499688202000e+16,7.042302060358128750e+14,4.401650241428835625e+14
3.472643642881073280e+17,8.255393906075993750e+13,4.428392035732624023e+12,2.266242963429220938e+14,1.970652070264023828e+13,5.856645966442782031e+13
9.914807399812464062e+13,4.453028315278735000e+14,7.919715948744784180e+12,2.312520065379319824e+12,8.924768322175160938e+13,4.569637661345484375e+12
1.264401839596841888e+11,1.375299580026079688e+13,9.571448858918403625e+10,3.064058634519283295e+10,2.473557911330706787e+10,4.022550900831125641e+10
7.774091676882410000e+14,1.231922575112279000e+15,4.009345727820960000e+17,1.161998009354378750e+15,2.006772621203023104e+18,2.030210087174860160e+17
4.067089157687525120e+17,3.414274556465760000e+17,9.987918778768486400e+16,1.072085890266869600e+17,2.312839652944250800e+16,5.587491590393692160e+17
2.349783911223234240e+17,2.725217710927223125e+14,2.382938871972732031e+13,7.231392861539058750e+14,1.525708843571716016e+13,8.601210250257879639e+11
9.446152314374494000e+15,3.201304420022825200e+16,2.035952646779210500e+15,6.435036738660907500e+14,2.840733330587766406e+13,1.212530606639294531e+14
5.474691684614746880e+17,6.949045182713643520e+17,6.174253232595622400e+17,5.248354136720742400e+16,5.580424265509802400e+16,2.615429287646859200e+16
9.434901897174228480e+17,1.026356864059606200e+16,8.673004777273937600e+16,9.765766916522422000e+15,3.025998576090368500e+15,4.665261531564658750e+14
2.510382759104940400e+16,3.754114246864164000e+16,1.284862836657551040e+17,5.597772460206395200e+16,1.120306990044722600e+16,4.555925901218470000e+15
9.634625477738891602e+11,1.907228325216268438e+14,5.385487707888190918e+11,1.755289694309453430e+11,7.433439320289262390e+10,2.643160287464004883e+12
1.855358848597296400e+16,1.896899862922619922e+13,7.391283361980666016e+12,9.145303812424735107e+11,1.656657727783064062e+14,1.766710141398022266e+13
3.274802442078882500e+14,5.056611703130046875e+13,2.828760629902633789e+12,4.880746815620519409e+11,3.411516061564400024e+11,3.222933580590784912e+11
5.342410665175531520e+18,2.101583852367208500e+15,5.016974227124221875e+14,2.652657516428465000e+14,6.120527474128473438e+13,1.391364410411082812e+14
